"local","salary","department","tools","else_need","url"
"台北市松山區","月薪40,000~55,000元"," 不拘 ","HTML、JavaScript、CSS、Node.js"," 未填寫 ","https://www.104.com.tw/job/70g1e?jobsource=jolist_b_relevance"
"新竹市","月薪40,000元以上"," 不拘 ","Linux、UML、Github、Git、PHP、PostgreSQL、JavaScript、CSS"," 未填寫 ","https://www.104.com.tw/job/6zrk9?jobsource=jolist_b_relevance"
"台北市中山區","年薪800,000~1,400,000元"," 不拘 "," 不拘 "," 加分項目：
1. 熟悉 Docker Compose 撰寫    2. 使用 ElasticSearch, Solr 搜尋引擎經驗    3. 使用 Apache Kafka 經驗    4. 使用 socket.io 經驗     5. 使用 PHP 7+ 開發經驗    6. 使用 Laravel framework, Zend framework 開發經驗   7. 使用 Solidity開發區塊鏈智能合約  8. 開發 SaaS 服務經驗     9. 熟悉 NodeJS    10. 熟悉 Docker 建立及管理專案     11. 使用 AWS, Google Cloud, Azure 經驗   12. 使用 MySQL 及 MongoDB 經驗   13. 使用 Nginx / Apache web server 經驗   14. 熟悉 DevOps 自動化開發流程   15. 開發過 API 系統 (REST 或 GraphQL) ","https://www.104.com.tw/job/706v1?jobsource=jolist_b_relevance"
"新北市板橋區","年薪550,000~1,200,000元"," 資訊工程相關、工程學科類 "," 不拘 "," 薪資範圍
年薪 55 -120萬新台幣，具領導能力者可另議。
工時/特休
1.上班9:30 至 18:30。
2.週休二日，依國定假日休假。
3.特休每年12天。
福利/推薦項
1.在家工作或跟同事到共享空間工作
2.按能力及頁獻分配年底花紅或股本
職務需求
•修讀電腦或相關理工科專業文憑證書畢業生
•具備一年以上的軟件開發經驗
•熟悉Web前端應用的開發
•熟悉React / Angular 等框架優先
•熟悉前端開發工具
•注重用戶體驗和測試前端系統效能
•熱衷於軟件開發
•具備良好的分析能力，良好溝通及解決問題能力，善於學習，樂於分享
•具備團隊合作的精神

***歡迎在家工作 ","https://www.104.com.tw/job/79svr?jobsource=jolist_b_relevance"
"台北市中山區","月薪38,000~60,000元"," 不拘 ","HTML、JavaScript、CSS"," 未填寫 ","https://www.104.com.tw/job/790w5?jobsource=jolist_b_relevance"
"台北市內湖區","月薪30,000元以上"," 不拘 ","Github、C、C#、C++、PHP、MySQL、JavaScript"," 1.熱愛遊戲，對遊戲開發有熱情且學習能力強者
2.願意配合專案彈性加班者尤佳 ","https://www.104.com.tw/job/6x5iv?jobsource=jolist_b_relevance"
"新北市土城區","月薪30,000~60,000元"," 不拘 "," 不拘 "," 未填寫 ","https://www.104.com.tw/job/4rfmh?jobsource=jolist_b_relevance"
"新北市林口區","月薪40,000~60,000元"," 其他數學及電算機科學相關 ","Linux、Systems Analysis、Github、AJAX、Java、HTML、JavaScript、jQuery"," 1. 使用 Vue、TypeScript 開發大型網站。
2. 使用 Git, 版控流程融合GitHub flow 和 Git flow 的優點。 
3. 會使用 RxJS、AJAX、WebSocket 等 Web 技術。
4. 對 Coding Style 有要求，有互相 Code Review 的制度。
5. 熟悉 Linux 操作
6. 熟悉 react（16.8up）, redux, saga, scss, axios框架技術
7. 了解基本資訊安全 (XSS、CORS) 

 加分條件
 有使用 Docker 的經驗
 有RWD網站經驗 , konvajs或fabricjs經驗
 使用過typescript, rxjs, d3js, vue或angular
 熟悉後端概念 
 有社群經驗
 有設計模式的觀念 
 有 CI/CD 的觀念
 有前端unit test, e2e test, TDD或BDD經驗者 ","https://www.104.com.tw/job/6xpw9?jobsource=jolist_b_relevance"
"台中市南屯區","月薪40,000~80,000元"," 不拘 ","HTML、JavaScript、jQuery、CSS、Sass、Node.js、ReactJS、VueJS"," 未填寫 ","https://www.104.com.tw/job/6evyj?jobsource=jolist_b_relevance"
"台中市西區","月薪35,000~60,000元"," 不拘 ","Git、HTML、JavaScript、CSS、VueJS"," [我們希望您是]
• 熟悉 Javascript、JQuery或 任何一項 Javascript 架構 (React or Angular or Vue, Vue 為佳)
• 了解 ES6 / ES7
• 熟悉 ESlint
• 熟悉 CSS 預處理器
• 熟悉 Git 版控
• 基礎 HTML5 / CSS3 能力
• 熟悉呼叫Restful API處理
• 良好英語閱讀及寫作能力

[加分條件]
• 有 Github Action 使用經驗
• 具備雲端 kubernetes 相關程式部署經驗 (GCP or Azure)
• 具備 Docker 使用經驗
• 具備電商平台建置經驗或相關領域知識
• 面談時可展示作品集，證明自己以往的經歷

[應徵方式]
• 104 投遞履歷
• Clarence clarence.chan@qbssystem.com ","https://www.104.com.tw/job/706qq?jobsource=jolist_b_relevance"
"新北市板橋區","月薪35,000元以上"," 不拘 ","Github、HTML、Flex、CSS、Sass、VueJS"," 未填寫 ","https://www.104.com.tw/job/6ukox?jobsource=jolist_b_relevance"
"新北市汐止區","月薪35,000元以上"," 資訊工程相關、電機電子工程相關 ","HTML、JavaScript、CSS、ReactJS、AngularJS、VueJS"," 經歷: 相關使用者介面設計經驗
知識: HTML5/JavaScript/CSS/物件導向/設計模式
技能: HTML5/JavaScript/WebSocket/CSS/Less/Sass/Angular/Extjs/React/Vue.js
態度: 良好的溝通能力和主動積極的合作與學習態度  ","https://www.104.com.tw/job/73rtt?jobsource=jolist_b_relevance"
"新竹市","月薪50,000~60,000元"," 資訊工程相關、工程學科類 ","AJAX、PHP、HTML、jQuery、CSS"," 加分條件
1. 熟悉 Sass/SCSS
2. 具備 SEO 操作經驗
 ","https://www.104.com.tw/job/6ztn2?jobsource=jolist_b_relevance"
"台中市西區","月薪30,000~60,000元"," 不拘 ","HTML、JavaScript、CSS、VueJS"," 其他條件
1.熟悉JavaScript、HTML5、CSS3、RWD 等前端網頁技術及工具使用。
2.具任一前端JavaScript Framework使用經驗佳(例如Vue.js, React.js , Angular.js…等)。
3.了解各種平台瀏覽器(包含行動裝置)相容性及主要限制。
4.同時熟悉後端應用者佳，如Node.js、MongoDB、Python…..等 ","https://www.104.com.tw/job/78idn?jobsource=jolist_b_relevance"
"台中市西屯區","月薪28,000~35,000元"," 資訊工程相關、資訊管理相關 ","HTML、JavaScript、jQuery、CSS"," - 須能配合公司制度，完成主管交辦事項。
- 個性開朗，EQ高，溝通良好，穩定度高，抗壓性強 。
- 團體互動佳，細心具責任感。
- 有學習新技術的熱情，並可自學新技術。 ","https://www.104.com.tw/job/76zsq?jobsource=jolist_b_relevance"
"台中市沙鹿區","月薪32,000~56,000元"," 資訊管理相關、資訊工程相關 "," 不拘 "," 1. 與後端工程師團隊合作，開發Web系統介面
2. 熟悉網頁版面規劃、套版、特效互動設計
3. 熟悉前端建置與佈署安全，與後端 API 進行串接。
4. 優化用戶端功能設計
5. 對學習新技術具有熱情，具備良好的溝通及團隊合作能力 
6. 具備 Vue.js / HTML5 / CSS3 / JavaScript / Responsive Web Design等前端開發技能。
7. 有手機/平板的 Web 開發經驗 ","https://www.104.com.tw/job/76p9p?jobsource=jolist_b_relevance"
"台中市沙鹿區","月薪40,000~55,000元"," 不拘 ","HTML、JavaScript、CSS"," 《特質要求》
1. 對於新技術保有極致好奇心，並勇於嘗試不同方法解決現有問題
2. 溝通時能以理性觀點切入，具有跨部門合作經驗佳
3. 對於版型歪斜、顏色詭異、字體跑版有一定的嗅覺，並有強烈改正的慾望
4. 能接受產品快速迭代，需求快速定義的艱鉅挑戰
 ","https://www.104.com.tw/job/79jsb?jobsource=jolist_b_relevance"
"台中市西區","月薪38,000~58,000元"," 資訊工程相關 ","Java、Spring、MySQL、HTML、JavaScript、CSS、Node.js、AngularJS"," 面試會以英文進行，應徵者需具備基礎英文溝通能力，不求非常流利，至少要能清楚表達自己的意見。

我們提供三個彈性上班時段 8:30~17:30；9:00~18:00；9:30~18:30，中間午休1小時；工作風氣開放、彈性。如果剛好想充實英文，我們也有在台灣難得的英語環境。另外也提供咖啡、茶及零食小點心供員工享用。 ","https://www.104.com.tw/job/78weg?jobsource=jolist_b_relevance"
"台北市大安區","月薪65,000~95,000元"," 不拘 "," 不拘 "," - 熟悉 React, React Hooks
- 熟悉 HTML5, CSS3, JavaScript, ES2015+, ES Modules
- 熟悉 Restful APIs 
- 熟悉 git, github 
- 能使用 Webpack + Babel

加分項目
- 熟悉 Apollo GraphQL, final-form
- 熟悉 React component / hooks 單元測試
- 熟悉 styled-component
- 熟悉 TypeScript
- 熟悉 HTML 語意化結構
- 有 SEO 或 Google Analytics 經驗

* 來信請附個人作品 ","https://www.104.com.tw/job/6843x?jobsource=jolist_b_relevance"
"新北市三峽區","月薪30,000~50,000元"," 不拘 ","Git、HTML、JavaScript、jQuery、CSS、Node.js、Angular"," 未填寫 ","https://www.104.com.tw/job/7aru5?jobsource=jolist_b_relevance"
"台北市信義區","月薪45,000~90,000元"," 不拘 ","HTML、JavaScript、jQuery"," 1、具主動持續鑽研並學習最新國內外網站前端技術者佳
2、喜歡團隊合作，互相討論與分享知識與經驗，喜歡學習新知識。
3、具備RESTful API能力。

加分項目
1、3年以上前端經驗，有相關經驗。
2、UI & UX有經驗者佳。
3、熟悉任一前端框架。
 ","https://www.104.com.tw/job/79xnw?jobsource=jolist_b_relevance"
"新北市三重區","月薪32,000~60,000元"," 不拘 "," 不拘 "," 未填寫 ","https://www.104.com.tw/job/6v5r6?jobsource=jolist_b_relevance"
"台北市信義區","月薪35,000~42,000元"," 不拘 ","HTML、jQuery、CSS、Angular"," #加分項目
1.前端框架 Angular Js ","https://www.104.com.tw/job/71bgs?jobsource=jolist_b_relevance"
"台北市士林區","月薪30,000~45,000元"," 不拘 ","MS SQL、MySQL、HTML、JavaScript、jQuery、CSS"," 具設計能力，熟悉Photoshop、Illustrator等軟體操作佳 ","https://www.104.com.tw/job/771hv?jobsource=jolist_b_relevance"
"台北市大安區","年薪1,000,000~1,800,000元"," 不拘 "," 不拘 "," 未填寫 ","https://www.104.com.tw/job/77tk3?jobsource=jolist_b_relevance"
"台中市沙鹿區","月薪40,000~55,000元"," 不拘 ","Git、HTML、JavaScript、CSS"," 《特質要求》
1. 對於新技術保有極致好奇心，並勇於嘗試不同方法解決現有問題
2. 溝通時能以理性觀點切入，具有跨部門合作經驗佳
3. 對於版型歪斜、顏色詭異、字體跑版有一定的嗅覺，並有強烈改正的慾望
4. 能接受產品快速迭代，需求快速定義的艱鉅挑戰
 ","https://www.104.com.tw/job/79ymr?jobsource=jolist_b_relevance"
"台北市大安區","月薪45,000~70,000元"," 不拘 ","HTML、JavaScript、CSS、ReactJS"," 必備條件:
・熟悉 HTML、CSS、JavaScript (包括 DOM manipulation 及 JavaScript object model)
・了解 React.js 操作與概念
・資訊工程或管理相關科系或具有相關前端開發經驗，在校生或畢業生皆可

加分條件:
・對網頁前端開發充滿熱誠，有實際專案/專題參與經驗佳
・React.js workflows (such as Flux, Constate, and react hooks)
・EcmaScript和Typescript新版的語法規格
・data structure libraries (如： Immutable.js)的經驗
・with RESTful APIs, GraphQL, gRPC
・OAuth 或 JWT (JSON Web Token)
・Babel, Webpack, NPM, 等.
・Git 或 CI/CD ","https://www.104.com.tw/job/75w2b?jobsource=jolist_b_relevance"
"台北市中正區","年薪560,000~1,000,000元"," 不拘 "," 不拘 "," 必備條件： 
● 擁有驕傲得意的作品集
● 主動學習的心態
● Team player
● 熟悉html, css, javascript
● 對node.js有基礎知識
● 對SQL及noSQL資料庫運作有基礎知識
● 良好的溝通與能力，能將技術火星語以白話文和UI/UX設計人員討論

加分條件： 
● 熟悉react尤佳
● CMS系統平台架構規劃能力尤佳 
● 雲端資料庫及程式建置經驗尤佳
● 具有資料視覺化呈現經驗尤佳
● 執行SCRUM經驗者為佳 ","https://www.104.com.tw/job/6wq5a?jobsource=jolist_b_relevance"
"台北市南港區","月薪40,000~100,000元"," 不拘 ","HTML、JavaScript、CSS、VueJS"," 【技術加分條件Nice to have】
-後端 API 開發經驗(Ex: PHP、Node.js...)
-有帶領團隊經驗
-喜歡分享新技術/編寫技術文章/參與社群活動 ","https://www.104.com.tw/job/5pynf?jobsource=jolist_b_relevance"
"台北市松山區","月薪40,000~65,000元"," 不拘 ","Git、HTML、JavaScript、jQuery、CSS、ReactJS"," 1、資工、軟體及相關專業大學以上學歷者佳。
2、3年以上前端開發經驗,精通Web前端開發技術:JAVAScript, TypeScript, HTML, CSS, DOM, 協定, 安全等。
3、精通React.js,redux, react-router前端框架,有基於React的元件封裝豐富經驗;熟練掌握TypeScript及其IDE開發工具VSCode。
4、熟悉BootStrap, JQWidgets等前端元件
5、對研究各種Web前端技術具有濃厚興趣,有較強的溝通協調能力和團隊精神、承壓能力和學習能力、良好的服務意識。 ","https://www.104.com.tw/job/7agi9?jobsource=jolist_b_relevance"
"台北市中正區","月薪45,000~65,000元"," 不拘 ","Android、iOS、Github、AWS、VueJS"," 未填寫 ","https://www.104.com.tw/job/6zlch?jobsource=jolist_b_relevance"
"台南市新營區","月薪28,000~50,000元"," 不拘 ","HTML、JavaScript、CSS、VueJS"," 1. 相關工作經驗 1年以上者佳
2. 有RWD經驗尤佳
3. 良好溝通能力，願意傾聽他人的意見，好配合好溝通
*此職缺工作地點為台南市新營區 ","https://www.104.com.tw/job/6u12a?jobsource=jolist_b_relevance"
"台南市中西區","月薪35,000~45,000元"," 資訊工程相關、資訊管理相關 ","HTML、JavaScript、CSS"," 未填寫 ","https://www.104.com.tw/job/767tt?jobsource=jolist_b_relevance"
"台北市信義區","月薪35,000~70,000元"," 不拘 ","HTML、JavaScript、jQuery"," 1、具主動持續鑽研並學習最新國內外網站前端技術者佳
2、喜歡團隊合作，互相討論與分享知識與經驗，喜歡學習新知識。
3、具備RESTful API能力。

加分項目
1、3年以上前端經驗，有相關經驗。
2、UI & UX有經驗者佳。
3、熟悉任一前端框架。
 ","https://www.104.com.tw/job/79tfk?jobsource=jolist_b_relevance"
"高雄市三民區","月薪28,000元以上"," 不拘 ","HTML、JavaScript、jQuery、CSS、VueJS、Adobe Photoshop、Illustrator、Adobe XD"," 未填寫 ","https://www.104.com.tw/job/7as0u?jobsource=jolist_b_relevance"
"台北市中山區","年薪630,000~910,000元"," 不拘 ","HTML、JavaScript、CSS、VueJS"," # 必要能力

1. 熟悉 HTML5 / CSS3 / JavaScript
2. 熟悉 RWD 概念
3. RESTful API 串接經驗
4. Unix-like 系統基本使用
5. 版本控制系統基本使用
6. 英文基本閱讀能力
7. 學習新知與解決問題的能力
8. 團隊溝通合作

# 加分項目

1. 能撰寫可讀性高且易維護之程式碼
2. 跨瀏覽器整合開發經驗
3. MVC framework 開發經驗
4. Unit Test / E2E Test 經驗
5. Vue.js 開發經驗
6. CSS preprocessor 開發經驗
7. Git 使用經驗

# 我們需要支援

1. Desktop - IE11+ / Edge / Chrome / Firefox / Safari
2. Android - Chrome / Firefox
3. iPhone / iPad - Safari

# 我們使用這些

1. HTML5
2. CSS3 / SASS
3. JavaScript (ES6) / Vue.js
4. Quasar
5. Jest
6. Git
7. Linux ","https://www.104.com.tw/job/717i8?jobsource=jolist_b_relevance"
"台北市中山區","月薪35,000~60,000元"," 不拘 ","Git、HTML、JavaScript、CSS、ReactNative、ReactJS、VueJS"," 未填寫 ","https://www.104.com.tw/job/78bbl?jobsource=jolist_b_relevance"
"高雄市前鎮區","月薪30,000~50,000元"," 資訊工程相關 ","Linux、HTML、CSS"," 1. 具雲端開發經驗佳，如Firebase等。
2. 具備後端開發經驗佳。  ","https://www.104.com.tw/job/6xynb?jobsource=jolist_b_relevance"
"台北市中山區","月薪30,000~35,000元"," 不拘 ","AJAX、JavaScript、CSS"," 了解 PHP Laravel Framework
了解 Bootstrap 或其他前端框架
了解WordPress 或其他 CMS 架站經驗
了解MySQL 或其他資料庫語言
了解Git 或其他版本控制工具
 ","https://www.104.com.tw/job/717p5?jobsource=jolist_b_relevance"
"台中市神岡區","月薪28,000~35,000元"," 不拘 "," 不拘 "," 休假制度：週休二日、固定休六日 ","https://www.104.com.tw/job/77yb8?jobsource=jolist_b_relevance"
"台北市內湖區","月薪40,000元以上"," 不拘 "," 不拘 "," 加分
TypeScript
了解基本資訊安全 (XSS、CORS) ","https://www.104.com.tw/job/7554x?jobsource=jolist_b_relevance"
"新北市新店區","月薪35,000~40,000元"," 應用數學相關、資訊工程相關、其他數學及電算機科學相關 "," 不拘 "," - 熟悉HTML、Javascript、Ajax、CSS
- 熟悉前端框架 (React)
- 具有API 串接經驗
- 了解RWD、Git版本控制 ","https://www.104.com.tw/job/79z70?jobsource=jolist_b_relevance"
"台中市西屯區","月薪29,000~45,000元"," 不拘 ","AJAX、HTML、JavaScript、jQuery"," 未填寫 ","https://www.104.com.tw/job/6wysr?jobsource=jolist_b_relevance"
"台中市梧棲區","月薪35,000~70,000元"," 資訊管理相關、資訊工程相關 "," 不拘 "," ★應屆畢業生請附上最高學歷(碩士或大學)的成績單 ","https://www.104.com.tw/job/6sjx5?jobsource=jolist_b_relevance"
"台北市中山區","月薪35,000~38,000元"," 不拘 ","HTML、JavaScript、jQuery、CSS"," 未填寫 ","https://www.104.com.tw/job/6j93d?jobsource=jolist_b_relevance"
"高雄市前鎮區","月薪30,000~43,000元"," 不拘 ","Github、HTML、JavaScript、jQuery、CSS、VueJS"," 有其他條件更加分 :
1.	(加分)熟悉Vue 
2.	(加分)熟悉Redux 
3.	(加分)對node.js有基礎知識 
4.	(加分)有使用過UI FrameWork經驗，例如:Element UI、Material-UI 
5.	(加分)略懂後端SQL
 ","https://www.104.com.tw/job/74uyz?jobsource=jolist_b_relevance"
"台北市內湖區","年薪600,000~1,200,000元"," 資訊工程相關、資訊管理相關、藝術商業設計 "," 不拘 "," 1. 熟悉 javascript 任一框架（AngularJS, ReactJS + Redux, BackboneJS, ...）
2. 切版
3. 熟悉 RWD (Responsive-Web-Design)

★加分條件：
1. 熟悉 Git Version Control
2. 熟悉 RWD 與 UI/UX 觀念
3. 具備與 Rails 合作或開發經驗

★其他條件：
喜歡團隊合作與溝通
處事積極正向的個性
有網路服務開發 ","https://www.104.com.tw/job/4zq1g?jobsource=jolist_b_relevance"
"台中市西屯區","月薪40,000~60,000元"," 不拘 ","HTML、JavaScript、VueJS、HTTP"," 未填寫 ","https://www.104.com.tw/job/76l85?jobsource=jolist_b_relevance"
"台北市中山區","月薪38,000~50,000元"," 資訊管理相關 "," 不拘 "," 必要條件
1. 積極主動，勇於面對挑戰並擁有良好的解決問題能力
2. 熟悉 HTML5 / CSS3 / Javascript (ES6+)
3. 使用任一版控軟體(git, svn)的經驗
4. 了解 SPA 運作原理
5. RWD 開發經驗
6. 了解前後端運作流程並且有後端 API 串接經驗

加分條件
1. 任一前端框架開發經驗(React.js, Vue.js 等等)
2. 重視程式的品質，致力於寫出可維護、可重用、易讀的程式碼

 ","https://www.104.com.tw/job/65g34?jobsource=jolist_b_relevance"
"台北市內湖區","月薪37,000~80,000元"," 資訊工程相關、其他數學及電算機科學相關、數理統計相關 ","Jenkins、Git、Java、JavaScript、jQuery、CSS、Node.js、ReactJS、AngularJS、VueJS、D3.js、Angular"," - 3~5 years of experience building web applications or single page app
- 3~5 years of experience writing JavaScript
- Has worked with any of the major MV* Frameworks (React, Vue, Angular, Backbone, Ember, etc.)
- Experience with CSS Pre-Processors (Sass, Less, etc.)
- Familiarity with Flux, Redux or MobX
- Familiarity with ES6, D3.js will be a plus
- Familiarity with Unit Testing process and framework (Mocha, Jest, Enzyme etc.)
- Familiarity with RESTful APIs to connect Web applications to backend services
- Can build pixel perfect sites from mock-ups
- Familiarity with version control system (Git/Mercurial), development build tools (Webpack) and package management tool (npm) ","https://www.104.com.tw/job/77dsy?jobsource=jolist_b_relevance"
"台北市中正區","年薪560,000~1,000,000元"," 不拘 "," 不拘 "," ● 豐富的手機應用軟體開發經驗
● 了解App 手機應用系統生命週期，具有性能優化、調校能力
● 擅長規劃App設計架構
● 開發地圖圖資系統應用相關經驗

具備以下條件者為佳：
● 熟悉React Native 框架
● 熟悉HTTPS , TCP , Socket programing 經驗
● 需具備了解Restful API、JSON等知識
● 熟悉雲端服務相關系統 ","https://www.104.com.tw/job/6wq5f?jobsource=jolist_b_relevance"
"台北市大安區","月薪28,000~75,000元"," 資訊管理相關、資訊工程相關 ","Java、JSP、JavaScript"," 1. 網站的前端建置,改版及維護
2. 擅長 HTML 與 CSS (能使用 CSS+DIV 做網頁佈局)
3. 熟悉UI/UX、 HTML5、CSS3、JQuery、AjaxJ、JavaScript、DOM、Json、Responsive Web Design等前端技術
4. 熟悉一種以上前端框架(Bootstrap尤佳)
5. 能處理跨瀏覽器 (IE, Firefox, Chrome, Safari, Webkit) 的相容性問題 ","https://www.104.com.tw/job/5vzqc?jobsource=jolist_b_relevance"
"台北市信義區","月薪40,000~80,000元"," 不拘 ","JavaScript、jQuery、CSS"," 未填寫 ","https://www.104.com.tw/job/70eqy?jobsource=jolist_b_relevance"
"台中市西屯區","月薪26,000~70,000元"," 不拘 ","Git、JavaScript、Node.js、VueJS"," 1. 至少一年以上前端開發經驗。
2. 具中大型網站開發經驗。
3. 具備良好團隊溝通能力，與UI/UX 設計師、後端工程師協作。
4. 熟悉 RWD與UX觀念，以利提升網站使用體驗。
5. 具獨立執行能力、進度掌控且良好溝通能力者。
6. 具備 GIT 版本控制系統使用經驗。
7. 了解自動化單元測試、整合測試和e2e測試方法及相關工具 ","https://www.104.com.tw/job/61et6?jobsource=jolist_b_relevance"
"桃園市楊梅區","月薪32,000~42,000元"," 資訊管理相關、資訊工程相關 ","Unity3D"," 普通小型車 ","https://www.104.com.tw/job/7442t?jobsource=jolist_b_relevance"
"高雄市前鎮區","月薪30,000~45,000元"," 不拘 "," 不拘 "," 未填寫 ","https://www.104.com.tw/job/6wh3c?jobsource=jolist_b_relevance"
"台中市南屯區","月薪32,000~40,000元"," 不拘 ","HTML、JavaScript"," 請準備履歷、作品檔案、作品網址等文件資訊 ","https://www.104.com.tw/job/6ychx?jobsource=jolist_b_relevance"
"台北市中山區","月薪40,000元以上"," 不拘 ","Visual Studio、HTML、JavaScript、CSS、VueJS"," 未填寫 ","https://www.104.com.tw/job/76sdw?jobsource=jolist_b_relevance"
"台北市中正區","月薪38,000~45,000元"," 不拘 ","Linux、Android、iOS、Java、HTML、JavaScript、Web Master/Developer、jQuery、CSS、Node.js、ReactJS、Adobe Photoshop、Illustrator"," 未填寫 ","https://www.104.com.tw/job/698s2?jobsource=jolist_b_relevance"
"台中市西屯區","月薪35,000~60,000元"," 不拘 ","PHP、MySQL、HTML、JavaScript、Web Master/Developer、jQuery、CSS"," 未填寫 ","https://www.104.com.tw/job/6tx72?jobsource=jolist_b_relevance"
"台北市內湖區","年薪1,000,000~1,500,000元"," 資訊工程相關、資訊管理相關、藝術商業設計 "," 不拘 "," 1. 熟悉 javascript 任一框架（AngularJS, ReactJS + Redux, BackboneJS, ...）
2. 切版
3. 熟悉 RWD (Responsive-Web-Design)
4. React/Vue 2年以上

★加分條件：
1. 熟悉 Git Version Control  
2. 熟悉 RWD 與 UI/UX 觀念
3. 具備與 Rails 合作或開發經驗

★其他條件：
喜歡團隊合作與溝通
處事積極正向的個性
有網路服務開發 ","https://www.104.com.tw/job/71k9a?jobsource=jolist_b_relevance"
"高雄市前鎮區","月薪32,000~40,000元"," 電機電子工程相關、資訊管理相關、資訊工程相關 "," 不拘 "," 普通重型機車、普通小型車 ","https://www.104.com.tw/job/5yits?jobsource=jolist_b_relevance"
"高雄市鼓山區","月薪40,000~60,000元"," 不拘 ","HTML、JavaScript、CSS、VueJS"," 未填寫 ","https://www.104.com.tw/job/77kwi?jobsource=jolist_b_relevance"
"台北市中山區","月薪40,000~80,000元"," 不拘 ","HTML、JavaScript、CSS、VueJS"," 未填寫 ","https://www.104.com.tw/job/75bhr?jobsource=jolist_b_relevance"
"桃園市蘆竹區","月薪40,000~60,000元"," 資訊管理相關、資訊工程相關 ","Git、AJAX、JavaScript、Node.js、VueJS"," 天才是百分之一的靈感，百分之九十九的汗水。
實現自我，與您一同成長。
 ","https://www.104.com.tw/job/6zzze?jobsource=jolist_b_relevance"
"高雄市鼓山區","月薪30,000~60,000元"," 不拘 ","HTML、jQuery"," 加分項目：Vue / JQuery
加分項目：Chrome & Firefox (Plugin / Addon / Extenstion)

* 請一併提供『作品』或『github』 ","https://www.104.com.tw/job/6uib8?jobsource=jolist_b_relevance"
"台北市中山區","月薪38,000~42,000元"," 不拘 ","Git、HTML、JavaScript、jQuery、CSS、Sass、Node.js、Angular"," ‧了解Javascript 及 ES6 語法
‧熟悉 CSS/ HTML/ bootstrap 能依照設計規範實作及修改網頁 
‧知道如何使用 git/ npm/ gulp/ webpack
‧知道如何使用網頁瀏覧器偵錯 ","https://www.104.com.tw/job/66abf?jobsource=jolist_b_relevance"
"台北市信義區","月薪35,000~80,000元"," 不拘 "," 不拘 "," - JavaScript 
- HTML/CSS 
- 具介接API經驗佳 
- git
- Vue ","https://www.104.com.tw/job/79qga?jobsource=jolist_b_relevance"
"台北市內湖區","月薪35,000元以上"," 不拘 ","Github、C、C#、C++、PHP、MySQL、JavaScript"," 1.熱愛遊戲，對遊戲開發有熱情且學習能力強者
2.願意配合專案彈性加班者尤佳 ","https://www.104.com.tw/job/6y5sx?jobsource=jolist_b_relevance"
"台北市內湖區","月薪30,000元以上"," 不拘 ","Python、MySQL、Electronic Payment、JavaScript、jQuery、CSS、Node.js、ReactJS、VueJS、Django"," 未填寫 ","https://www.104.com.tw/job/6kuqm?jobsource=jolist_b_relevance"
"台中市西屯區","月薪26,000~50,000元"," 不拘 "," 不拘 "," 1.了解任一種程式語言
2.使用過Flash、Unity、Cocos2d、Egret、Phaser等其他工具製作遊戲或動畫者佳
3.有責任感及良好溝通能與同事討論分享技術問題，並具有自主思考及解決問題的能力
4.對製作遊戲有興趣，會規劃新功能，並提出最符合期待的解決方案
5.學習意願高，願意嘗試各種技術的熱忱
6.無經驗可，不會可以教
7.有作品者面試請帶作品
8.面試會有考試請事先準備 ","https://www.104.com.tw/job/74hqr?jobsource=jolist_b_relevance"
"台北市信義區","月薪60,000~150,000元"," 不拘 "," 不拘 "," 1. 有良好的程式架構能力。
2. 可獨立完成邏輯和UI模組的開發。
3. 有瀏覽器相容性調適經驗。
4. 理解動畫特效製作。
5. 有敏捷開發經驗
6. 會使用版控工具(svn, git) ","https://www.104.com.tw/job/6x7pc?jobsource=jolist_b_relevance"
"台北市內湖區","時薪200元"," 資訊工程相關、資訊管理相關、電機電子工程相關 "," 不拘 "," 必備條件：
1. 在實習期間努力學習所有的新知。
2. 希望在軟體開發領域上更進一步。
3. 熟悉任一程式語言 (Ruby, Python, Go, …)。
4. 具有基礎的英文能力。

加分條件：
1. 有意願參與公司的開發流程，一同產出高質量的程式。
2. 熟悉 Git Version Control。
3. 熟悉 MVC
4. 有 Javascript 開發經驗。
5. 具備與 Rails 合作或開發的經驗。
6. 熟悉一種以上的外語。
 ","https://www.104.com.tw/job/6zowk?jobsource=jolist_b_relevance"
"台中市西屯區","月薪40,000~60,000元"," 不拘 ","Github、HTML、JavaScript、VueJS"," 未填寫 ","https://www.104.com.tw/job/76l7z?jobsource=jolist_b_relevance"
"台中市西屯區","年薪600,000~800,000元"," 不拘 ","Git、HTML、JavaScript、jQuery、CSS、ReactJS、VueJS"," 加分條件: 精通HTML,CSS3,Vue.js,Git
熟悉以下:Flutter,Pixi,cocos ","https://www.104.com.tw/job/6x55s?jobsource=jolist_b_relevance"
"台北市中山區","月薪40,000元以上"," 不拘 ","Git、AJAX、HTML、JavaScript、jQuery、CSS、AngularJS、Angular"," 未填寫 ","https://www.104.com.tw/job/76tl2?jobsource=jolist_b_relevance"
"新北市新店區","月薪60,000元以上"," 資訊工程相關、其他數學及電算機科學相關 ","HTML、JavaScript、CSS、Node.js、AngularJS、VueJS、Angular"," 未填寫 ","https://www.104.com.tw/job/7ak50?jobsource=jolist_b_relevance"
"台北市信義區","月薪40,000~60,000元"," 不拘 "," 不拘 "," 希望您熟悉以下的能力： 
● git/github 使用經驗 
● React、Redux 或是其他 js framework 
● HTML/CSS 
● Node.js

加分條件： 
● 完整網站開發經驗 
● 過去產品或是 github，任何可以展現你能力的作品 
● 良好的英語能力 
● 自我管理與學習能力 
● 寫過測試 (unit test, integration test) 
● 熟悉 CI/CD 流程 
● 熟悉 Scrum 流程 ","https://www.104.com.tw/job/6fy7j?jobsource=jolist_b_relevance"
"台北市大安區","月薪40,000~60,000元"," 資訊工程相關、其他數學及電算機科學相關 "," 不拘 "," 未填寫 ","https://www.104.com.tw/job/6owus?jobsource=jolist_b_relevance"
"台北市中山區","月薪50,000~65,000元"," 資訊管理相關、資訊工程相關、其他數學及電算機科學相關 ","Git、HTML、JavaScript、CSS、VueJS、Angular"," 同職務說明 ","https://www.104.com.tw/job/7aqaa?jobsource=jolist_b_relevance"
"台中市西屯區","月薪50,000~80,000元"," 不拘 ","PHP、MySQL、HTML、JavaScript"," 加分條件 : 
1.有瀏覽器相容性調適經驗
2.RESTFUL 或 GraphQL 穿接模式
3.API 安全性偵錯
4.SSR 及SPA 開發能力
5.良好的溝通能力與團隊合作能力
 ","https://www.104.com.tw/job/6z6u7?jobsource=jolist_b_relevance"
"台北市內湖區","月薪28,000~80,000元"," 不拘 ","AJAX、C#、C++.Net、Visual C#、JavaScript、CSS、ReactJS、AngularJS、VueJS"," - 扎實的 JavaScript / HTML / CSS 基礎
- 熟悉 HTTP 與 RESTful APIs
- 熟悉  React 前端框架
- 熟悉 Git / TBD 工作流。
- 熟悉瀏覽器開發者工具的功能與操作。
- 具備良好的溝通能力
- 專注細節、樂於發現並解決產品的問題
 ","https://www.104.com.tw/job/72qej?jobsource=jolist_b_relevance"
"台中市西屯區","月薪40,000~80,000元"," 不拘 ","HTML、CSS、VueJS"," 未填寫 ","https://www.104.com.tw/job/71job?jobsource=jolist_b_relevance"
"台中市北區","月薪30,000~150,000元"," 不拘 ","DHTML、JavaScript、jQuery"," 1. 須具有邏輯思考能力並對程式開發有熱情。
2. 面試時，請攜帶作品。 ","https://www.104.com.tw/job/4nm71?jobsource=jolist_b_relevance"
"台北市內湖區","月薪38,000元以上"," 不拘 ","JavaScript、jQuery"," 未填寫 ","https://www.104.com.tw/job/79fki?jobsource=jolist_b_relevance"
"台北市松山區","月薪32,000~50,000元"," 不拘 ","HTML、JavaScript、CSS、ReactJS"," ●	具有電商網站開發經驗。
●	熟悉主流 UI Library（AntDesign/MaterialUI/Bootstrap）其中一種。
●	熟悉 Redux。
●	熟悉 Formik 與 Yup。
●	具備 API 串接經驗。
●	具備 LESS/SCSS 經驗。
●	具響應式設計（RWD）開發經驗。 ","https://www.104.com.tw/job/74p4m?jobsource=jolist_b_relevance"
"台北市松山區","月薪45,000元以上"," 不拘 ","AJAX、ASP.NET、C#、HTML、JavaScript、jQuery、CSS、Sass、ReactJS、VueJS"," 
 ","https://www.104.com.tw/job/79k03?jobsource=jolist_b_relevance"
"台北市中正區","時薪160元以上"," 不拘 ","PHP、MS SQL、HTML、JavaScript、jQuery、CSS、Google Analytics"," 我們在找這樣的人才： 
對於學習，你是主動並貪婪的 
不定時舉辦跨部門研討會，教導同仁新工具的使用方式 
邏輯能力佳，善於將自己的專業用淺顯的方式解釋給他人 
熟悉使用HTML, CSS, JavaScript(ES5), jquery 
有RWD響應式網頁開發經驗 
熟悉使用任一資料庫，SQL尤佳 
有許多自己的作品，應徵請提供作品集
熟悉Google Analytic 
接觸過PHP或玩過WordPress，能使用twig模板引擎更好
程式撰寫經驗兩年以上佳

【工作魅力】
1. 加班或假日出勤頻率低，員工基本上都是準時下班的。
2. 能在了解台日雙方族群意識的社長底下工作。無國籍溝通問題。
3. 同事之間感情好，前輩待人親切。
4. 公司有免費零食無時無刻的供應。
5. 社長採取自主政策，做好自己的份內工作就好。
6. 我們是日商，但工作上不用說到日文。 ","https://www.104.com.tw/job/6x6hw?jobsource=jolist_b_relevance"
"台北市中正區","月薪32,000~60,000元"," 不拘 ","HTML、JavaScript、jQuery、Sass"," 未填寫 ","https://www.104.com.tw/job/4i33i?jobsource=jolist_b_relevance"
"台中市北區","月薪26,000~34,000元"," 不拘 "," 不拘 "," 未填寫 ","https://www.104.com.tw/job/6vvwl?jobsource=jolist_b_relevance"
"新北市中和區","月薪40,000~80,000元"," 不拘 ","Linux、Mac OS、MySQL、JavaScript、Node.js"," 必備技能
精通 HTML5 / JS ES6+ / CSS
熟悉 SASS / SCSS 或其他Css Preprocessor
熟悉 Vue.js
熟悉Webpack / Gulp 或其他自動化模組、構建工具
具備串接第三方API、SDK的能力
具備處理RWD及跨平台網頁相容性 (Desktop, Mobile, APP WebView) 的經驗
熟悉 Git 版本控制工具

加分項目：
1. 曾實做過多人線上即時互動系統
2. 具閱讀原文技術文件能力
3. 熟悉CI/CD設定及流程
4. 具備模組化 UI 以及開發共用元件的能力
5. 兩年以上SaaS服務或大型專案的前端開發經驗
6. 具備良好溝通及團隊合作的協調能力


 ","https://www.104.com.tw/job/78mf0?jobsource=jolist_b_relevance"
"台北市南港區","年薪700,000元以上"," 不拘 ","Git"," 有相關資深經驗者，薪資可再面議 ","https://www.104.com.tw/job/7amco?jobsource=jolist_b_relevance"
"高雄市左營區","月薪28,000~75,000元"," 資訊管理相關、資訊工程相關 ","Java、JSP、PHP、JavaScript"," 1. 網站的前端建置,改版及維護
2. 擅長 HTML 與 CSS (能使用 CSS+DIV 做網頁佈局)
3. 熟悉HTML5、CSS3、JQuery、AjaxJ、JavaScript、DOM、Json、Responsive Web Design等前端技術
4. 熟悉一種以上前端框架(Bootstrap尤佳)
5. 能處理跨瀏覽器 (IE, Firefox, Chrome, Safari, Webkit) 的相容性問題 ","https://www.104.com.tw/job/4b8hq?jobsource=jolist_b_relevance"
"台北市大同區","月薪80,000~100,000元"," 不拘 "," 不拘 "," 未填寫 ","https://www.104.com.tw/job/6ro48?jobsource=jolist_b_relevance"
"台北市內湖區","月薪50,000元以上"," 不拘 "," 不拘 "," 未填寫 ","https://www.104.com.tw/job/79g3q?jobsource=jolist_b_relevance"
"新北市三重區","月薪30,000~50,000元"," 不拘 ","Visual Studio、HTML、CSS、Illustrator、Adobe XD"," ▼ 有實際使用WPF開發前端畫面（XAML）者尤佳。
▼ 有CSS及HTML相關經驗即可，團隊針對開發環境進行完整教育訓練。
▼ 良好溝通能力，舉一反三並主動提問，配合度高。
▼ 是一群由資深前輩、年輕人組成的專業度高且有活力的團隊，期待你的加入。
▼ 大量學習醫療軟體領域專業知識與技能，尋找學習不間斷的你。 ","https://www.104.com.tw/job/6zjl3?jobsource=jolist_b_relevance"
"台中市西區","月薪40,000~55,000元"," 不拘 ","AJAX、DHTML、HTML、JavaScript、jQuery"," - 喜愛並能願意學習
- 邏輯能力強
- 喜歡發現問題，找出解決方案
- 積極主動、樂觀、正面思考
- 喜歡做有效益的事情
- 能溝通、樂於助人、喜歡團隊合作 ","https://www.104.com.tw/job/67s1h?jobsource=jolist_b_relevance"
"台中市西區","年薪800,000~1,200,000元"," 不拘 ","HTML、JavaScript、CSS、VueJS"," 有相關資深經驗者，薪資可再面議 ","https://www.104.com.tw/job/6zywe?jobsource=jolist_b_relevance"
"台北市中山區","年薪800,000~1,200,000元"," 不拘 ","HTML、JavaScript、CSS、VueJS"," 有相關資深經驗者，薪資可再面議 ","https://www.104.com.tw/job/7837t?jobsource=jolist_b_relevance"
"台北市松山區","月薪45,000~80,000元"," 不拘 ","AJAX、ASP.NET、C#、HTML、JavaScript、jQuery、CSS、Sass、ReactJS、VueJS"," 
合者安排面試，不合者恕不另行通知,恕不接受隨到隨談，敬請見諒,謝謝! ","https://www.104.com.tw/job/75sls?jobsource=jolist_b_relevance"
"台北市松山區","月薪70,000元以上"," 不拘 ","AJAX、ASP.NET、C#、HTML、JavaScript、jQuery、CSS、Sass、ReactJS、VueJS"," 
 ","https://www.104.com.tw/job/79jfc?jobsource=jolist_b_relevance"
"新北市新店區","論件計酬3,000~10,000元"," 資訊工程相關、資訊管理相關 ","PHP、MySQL、JavaScript"," 學習能力強、喜歡探究新技術、抗壓力強、對新科技有興趣 ","https://www.104.com.tw/job/6dgks?jobsource=jolist_b_relevance"
"台北市信義區","月薪45,000~120,000元"," 不拘 ","HTML、JavaScript、CSS、ReactJS"," 未填寫 ","https://www.104.com.tw/job/6q9r7?jobsource=jolist_b_relevance"
"台北市北投區","月薪30,000元以上"," 資訊管理相關、資訊工程相關 "," 不拘 "," 1. 熟悉HTML5、CSS3、RWD相關技術。
2. 熟悉Javascript（ES6+）。
3. 熟悉與後端串接API的方式。
4. 具任一主流前端框架開發經驗（react.js佳）。
有以下經驗者尤佳
1. 具Typescript開發經驗佳。
2. 具node.js開發經驗佳。
3. 具webpack使用經驗佳。
4. 具git、svn等版控使用經驗者。 ","https://www.104.com.tw/job/6xjrf?jobsource=jolist_b_relevance"
"台北市中正區","月薪35,000~60,000元"," 不拘 ","HTML、JavaScript"," 前端工程師能力需求
* JavaScript
* HTML/CSS

有以下經驗加分（尤佳）
* React
* 介接RESTFul API經驗
* git* 了解Flux開發流程
* 有看過clean code
* 了解設計模式
* Node.JS開發經驗
* Full Stack網站開發經驗
* 有GitHub, Medium等作品
* 開發前能反覆縝密思考，找出最好的解決方案 ","https://www.104.com.tw/job/74vmp?jobsource=jolist_b_relevance"
"台中市西屯區","月薪32,000~50,000元"," 不拘 ","JavaScript"," 未填寫 ","https://www.104.com.tw/job/6wolz?jobsource=jolist_b_relevance"
"台北市中正區","月薪35,000~55,000元"," 不拘 ","Windows Server 2008、Windows Server 2012、ASP.NET、C#、Visual Studio、MS SQL、HTML、JavaScript、jQuery、CSS、IIS"," 未填寫 ","https://www.104.com.tw/job/78vz2?jobsource=jolist_b_relevance"
"台南市永康區","時薪160~350元"," 不拘 ","HTML、JavaScript、CSS、VueJS、D3.js"," 《背景要求》
1. 熟悉javascript/D3.js/vue
2. 對創新與解決問題具有熱情，且對產品使用者體驗(UX)有堅持
3. 來信請僅附簡歷與作品以供參考

《加分條件》
1. 前端開發經驗
2. 喜愛棒壘球運動或對運動科學產業有興趣
3. RWD開發經驗

國定假日工資：依法規定
延長工時工資：依法規定
勞健保、勞退︰依法規定
工資發放日：每月10號
 ","https://www.104.com.tw/job/79qfl?jobsource=jolist_b_relevance"
"台北市信義區","月薪40,000~80,000元"," 資訊工程相關、資訊管理相關 "," 不拘 "," 未填寫 ","https://www.104.com.tw/job/6qlwq?jobsource=jolist_b_relevance"
"新竹縣寶山鄉","月薪33,000~50,000元"," 資訊工程相關、資訊管理相關 "," 不拘 "," [工作技能]
(1) 熟悉 Javascript、HTML5、CSS3、RWD
(2) 熟悉常見前端框架、套件或工具，例如: jQuery、Bootstrap、NPM
(2) 熟悉 HTTP 相關知識，了解 Restful API 的應用

[加分條件]
(1) 任一框架前端框架經驗，例如 Angular / React / Vue
(2) 熟悉 TypeScript、SCSS
(3) 熟悉前端自動化測試(E2E 或 Unit Test) ","https://www.104.com.tw/job/7470t?jobsource=jolist_b_relevance"
"台北市大安區","時薪170~190元"," 不拘 ","HTML、JavaScript、Excel"," 我們是經營日系品牌電子商務的團隊。
歡迎喜愛日本文化與想在日本企業工作上班的您加入。 ","https://www.104.com.tw/job/5y4dx?jobsource=jolist_b_relevance"
"高雄市三民區","月薪35,000~55,000元"," 不拘 ","JavaScript、CSS"," 熟HTML5、CSS+、JavaScript ","https://www.104.com.tw/job/6lyje?jobsource=jolist_b_relevance"
"高雄市三民區","月薪35,000~55,000元"," 不拘 ","Windows Server 2008、Windows Server 2012、ASP.NET、C#、Visual Studio、MS SQL、HTML、JavaScript、jQuery、CSS、IIS"," 未填寫 ","https://www.104.com.tw/job/78vz3?jobsource=jolist_b_relevance"
"台中市西屯區","月薪30,000~60,000元"," 不拘 "," 不拘 "," 未填寫 ","https://www.104.com.tw/job/6v96b?jobsource=jolist_b_relevance"
"台中市南屯區","月薪50,000~100,000元"," 不拘 ","Github、ASP.NET、C#、HTML、JavaScript、XHTML、VueJS、Unity3D"," 未填寫 ","https://www.104.com.tw/job/6x1xn?jobsource=jolist_b_relevance"
"台中市西屯區","論件計酬10,000~60,000元"," 資訊工程相關、資訊管理相關 ","AJAX、PHP、Visual Studio、DHTML、CSS"," 未填寫 ","https://www.104.com.tw/job/72fjk?jobsource=jolist_b_relevance"
"高雄市三民區","月薪35,000~55,000元"," 不拘 ","Windows Server 2008、Windows Server 2012、ASP.NET、C#、Visual Studio .net、MS SQL、HTML、IIS"," 未填寫 ","https://www.104.com.tw/job/6u1m0?jobsource=jolist_b_relevance"
"新竹市","月薪30,000~70,000元"," 資訊管理相關、資訊工程相關、工業管理相關 ","JavaScript、CSS、AngularJS"," 使用過RxJS處理同步/非同步。
對程式能有基本的架構能力，減少重複、增加效率。
願意為了減少工作時間而研究提升效率的工作方法。
能夠持續學習新的技能或工具者佳。
熟悉 Git 版本控管基本操作。
熟悉任何一套 JavaScript framework，如: Angular, React, Vue, …。
熟悉任何一套 CSS framework，如: Bootstrap, Foundation, …。
 ","https://www.104.com.tw/job/6b6o4?jobsource=jolist_b_relevance"
"台北市內湖區","時薪160元"," 資訊管理相關 ","HTML、JavaScript、jQuery"," 1. 能與前端工程師溝通合作
2. 有實際RWD網頁切版經驗
3. 了解Vue框架尤佳
 ","https://www.104.com.tw/job/76au7?jobsource=jolist_b_relevance"
"新北市板橋區","月薪30,000~50,000元"," 不拘 "," 不拘 "," 1.	 熟系SQL 基本語法 
2.	了解JavaScript 及 jQuery、AJAX應用，基礎CSS/ Html5網頁技術應用 。
3.	使用過MSSQL/Oracal DB/MySQL 其一經驗
 ","https://www.104.com.tw/job/74w9j?jobsource=jolist_b_relevance"
"台北市大安區","時薪250~600元"," 不拘 ","ReactJS、Google Analytics"," 未填寫 ","https://www.104.com.tw/job/76y9w?jobsource=jolist_b_relevance"
"新竹市","月薪40,000~80,000元"," 不拘 "," 不拘 "," 軟體工程師-Web前端網頁  Front-end Web Software Engineer (Javascript/ Vue) ","https://www.104.com.tw/job/6xbas?jobsource=jolist_b_relevance"
"桃園市龜山區","月薪34,000元以上"," 數學及電算機科學學科類、電機電子工程相關 ","Android、HTML、JavaScript、CSS、D3.js、Angular"," 1. 具備3年以上前端開發經驗為佳。
2. 熟悉HTML、CSS、JavaScript 或 Type Script。
3. 熟悉至少一種前端框架(React / Vue / Angular)，Angular為佳。
4. 熟悉Bootstrap。
5. 具備RWD以及串接RESTful API開發經驗。
6. 熟悉前端測試工具和跨瀏覽器測試尤佳。
7. 熟悉Git及WEB開發流程。
8. 基本英文聽說讀寫能力，多益500分以上。 ","https://www.104.com.tw/job/6wxpw?jobsource=jolist_b_relevance"
"台北市內湖區","月薪45,000元以上"," 資訊管理相關、工程學科類、資訊工程相關 ","Linux、Jenkins、Git、HTML、JavaScript、jQuery、CSS、VueJS、HTTP、Security","  · 喜歡以專案導向之工作性質
 · 喜歡透過各種技巧發現問題，良好自我管理及工作規劃能力並跟團隊合作解決
 · 喜歡透過各種工具/技巧，對整個產品的上線生命週期有高度掌握
 · 喜歡透過各種工具/技巧監控系統狀況，對保持系統穩定運作及發現系統瓶頸有極大熱誠

加分項目
具有對大型系統維運經驗 
具有完整專案經

經貿聯網是台灣支付解決方案的資訊公司之領導品牌，為台灣主要之信用卡發行銀行及特約商店提供完整之支付系統與平台。數位創新實驗室的主要工作為利用Fintech新技術，以研發與創新為中心，為台灣的支付產業創造新的數位時代。 
所有的成員的投入，除了可以學以致用外，更可以同部了解數位金融市場現況，導入研發成果在金融界的實際應用，走在數位創新的最前線。 

Fintech Lab is a young team in Cybersoft which consisted of energetic young people. We focus on: 1. R&D technology to solve problems in payment area. 2. R&D new platform, technology to improve credit card system for large bank.

3. R&D software engineering related technologies to keep improving our software quality. We aim to be a leading technology team in payment industry. Digital Innovation Lab emphasizes self-motivation on problem solving, team work on delivery. We follow basic agile spirit, but also respect individual difference. You will be in the team to build next generation systems for banking and financial industries by implementing your expertise and your innovation. We are a Lab without innovation limitation, you not only can develop various DevOps skills, learn the full picture of payment industries, but also build your professional career in the Fintech revolution. If you are excited about Fintech & innovation. WE WANT YOU！ ","https://www.104.com.tw/job/7au4b?jobsource=jolist_b_relevance"
"新竹縣竹北市","時薪160元"," 不拘 "," 不拘 "," 未填寫 ","https://www.104.com.tw/job/6yu20?jobsource=jolist_b_relevance"
"桃園市桃園區","月薪35,000~70,000元"," 不拘 ","Git、C#、Visual Studio、Unity3D"," 1. 基本了解 asp.net 加分。
2. 基本了解 html、 css、jacascript，加分 。
3. 基本了解 photon server, pun 加分。
4. 基本了解 sql 語法加分。
5. 基本了解 firebase 加分。
6. 基本了解 google apps script 加分。
7. 基本了解 google cloud storage 加分。
8. 有個人遊戲作品加分。 ","https://www.104.com.tw/job/5tk8m?jobsource=jolist_b_relevance"
"台北市南港區","月薪80,000~110,000元"," 資訊工程相關、資訊管理相關 ","Github、HTML、JavaScript、CSS、Sass、AngularJS、Angular"," 提供作品連結（github 佳） ","https://www.104.com.tw/job/6i6mr?jobsource=jolist_b_relevance"
"新北市中和區","月薪30,000~45,000元"," 不拘 ","HTML、JavaScript、CSS"," 1.了解HTML5, CSS3, JavaScript(ES5, ES6)
2.有Angular/Vue/React Framework經驗
3.具備良好網頁切版能力，能處理跨瀏覽器及跨裝置(RWD)的網頁
4.熟悉Git版本控制能力
5.有RESTful API知識與串接經驗 ","https://www.104.com.tw/job/7al81?jobsource=jolist_b_relevance"
"桃園市楊梅區","月薪28,000~40,000元"," 數學及電算機科學學科類、藝術學科類、商業及管理學科類 ","OOP、Github、AJAX、ASP.NET、C#、Visual C#、MS SQL、hadoop、AWS、DHTML、HTML、JavaScript、XHTML、XML、jQuery、CSS、VueJS、IIS、Socket、Excel、PowerPoint、Word、Adobe InDesign、Adobe Photoshop、Illustrator、Adobe XD"," 未填寫 ","https://www.104.com.tw/job/7ahw6?jobsource=jolist_b_relevance"
"台北市松山區","月薪42,000元以上"," 資訊工程相關、工程學科類 ","Linux、Git、Angular"," 1. 碩士學歷，工程相關科系畢業。
2. 熟Vue、React、Angular其中一項前端框架。
3. 具有Linux伺服器使用與架設經驗者佳。
4. 具備Git管理相關經驗者佳。
5. 請檢附相當於TOEIC 650分之英語測驗成績證明，如無法提供，將安排參加本所英文檢測 ","https://www.104.com.tw/job/79mnd?jobsource=jolist_b_relevance"
"台北市松山區","月薪35,000~60,000元"," 資訊管理相關 ","JavaScript"," 未填寫 ","https://www.104.com.tw/job/565c3?jobsource=jolist_b_relevance"
"高雄市左營區","月薪26,000~32,000元"," 不拘 "," 不拘 "," 未填寫 ","https://www.104.com.tw/job/6y686?jobsource=jolist_b_relevance"
"台北市南港區","時薪160元以上"," 數學及電算機科學學科類、資訊管理相關、工程學科類 ","Git、HTML、JavaScript、jQuery、CSS、ReactJS"," 
 ","https://www.104.com.tw/job/77u83?jobsource=jolist_b_relevance"
"台中市西屯區","月薪28,000~34,000元"," 不拘 ","JavaScript"," 略懂 CSS3，略懂 切圖，略懂 TS，略懂 JS，略懂 Golang，略懂 C#，略懂 PHP   

以上條件擇二 
 ","https://www.104.com.tw/job/6xa7t?jobsource=jolist_b_relevance"
"台北市信義區","月薪56,000~85,000元"," 不拘 ","HTML、JavaScript、CSS、Sass、ReactJS、Redux"," 未填寫 ","https://www.104.com.tw/job/68x6s?jobsource=jolist_b_relevance"
"台北市大安區","月薪50,000~85,000元"," 不拘 ","HTML、JavaScript、CSS、VueJS"," 未填寫 ","https://www.104.com.tw/job/71rzq?jobsource=jolist_b_relevance"
"台北市內湖區","月薪32,000~40,000元"," 資訊管理相關、資訊工程相關、其他工程相關 ","HTML、JavaScript、jQuery"," ***加分項目：
1. 了解任一個前端框架：React / Vue / Angular
2. 有NodeJS 開發經驗
3. 備 CI/CD 實作經驗
4. 有前端 Unit Test 經驗
5. 有SASS或SCSS經驗
6. 熟悉GIT各種方式使用時機
7. 邏輯清晰 有分析 歸納問題與獨立思考的能力
 ","https://www.104.com.tw/job/64ap0?jobsource=jolist_b_relevance"
"台北市中山區","月薪40,000元以上"," 不拘 ","JSP、HTML、JavaScript、jQuery、CSS"," 未填寫 ","https://www.104.com.tw/job/7aohz?jobsource=jolist_b_relevance"
"台北市內湖區","月薪40,000元以上"," 不拘 "," 不拘 "," 加分項目：
*熟練 React Native
*熟練 Git ","https://www.104.com.tw/job/78b3i?jobsource=jolist_b_relevance"
"台中市西屯區","月薪30,000元以上"," 不拘 ","JavaScript、CSS"," 加分條件：
1.有 Nest.js、Typescript 使用經驗
2.有汽車駕照 ","https://www.104.com.tw/job/7a3c7?jobsource=jolist_b_relevance"
"台北市內湖區","月薪32,000~45,000元"," 不拘 "," 不拘 "," 未填寫 ","https://www.104.com.tw/job/6st3z?jobsource=jolist_b_relevance"
"桃園市蘆竹區","月薪32,000~50,000元"," 不拘 "," 不拘 "," *需為應屆畢業生or工作經驗1-2年以內
職位要求：
1. 大學及以上學歷，資管、資工等相關科系尤佳； 
2. 熟練使用常用的網頁製作軟件和網絡搜索工具，了解網站開發、運行及維護的相關知識；
3. 須具備 HTML、CSS、JavaScript、jQuery 等前端語言能力；
4. 熟悉WordPress 架設或維護網站，有相關經驗者佳；
5. 能夠運用 WordPress 外掛與後台操作；
6. 良好的團隊精神，擅於溝通協調。 ","https://www.104.com.tw/job/741u0?jobsource=jolist_b_relevance"
"台北市內湖區","月薪35,000~45,000元"," 不拘 ","ASP.NET、MS SQL、HTML、jQuery"," 加分條件:
1.具備作品集(請提供網址及說明)
2.熟悉前端框架 React/Angular/Vue.js
3.熟悉CSS Preprocessor
4.熟悉建構工具 Webpack/Gulp/Grunt
 ","https://www.104.com.tw/job/76vd9?jobsource=jolist_b_relevance"
"新竹市","月薪30,000~82,000元"," 不拘 ","HTML、JavaScript、jQuery"," * 網頁前端開發經驗
* 具備 HTML, CSS, Javascript 開發能力
* 使用過任一 Javascript 前端框架: React、Vue、Angular
* 具有串接後端API經驗
加分項目:
* 面試時，可附上作品簡介 ","https://www.104.com.tw/job/6cnie?jobsource=jolist_b_relevance"
"新北市五股區","月薪30,000~60,000元"," 不拘 ","HTML、JavaScript、CSS"," 1.熟悉JavaScript、HTML5、CSS3、RWD 等前端網頁技術及工具使用。
2.具任一前端JavaScript Framework使用經驗佳(例如Vue.js, React.js , Angular.js…等)。
3.了解各種平台瀏覽器(包含行動裝置)相容性及主要限制。
【加分條件】
1.同時熟悉後端應用者佳，如Node.js、MongoDB、Python…..等 ","https://www.104.com.tw/job/76j0c?jobsource=jolist_b_relevance"
"桃園市中壢區","月薪50,000~80,000元"," 不拘 ","HTML、JavaScript、jQuery、CSS、Sass、VueJS"," 未填寫 ","https://www.104.com.tw/job/717q9?jobsource=jolist_b_relevance"
"台北市松山區","月薪50,000~80,000元"," 不拘 ","Git、MySQL、HTML、JavaScript、CSS、ReactJS、Redux、Django"," 未填寫 ","https://www.104.com.tw/job/71llp?jobsource=jolist_b_relevance"
"台北市松山區","月薪48,000~55,000元"," 不拘 ","HTML、JavaScript、CSS"," 未填寫 ","https://www.104.com.tw/job/6ipbl?jobsource=jolist_b_relevance"
"台北市中正區","時薪200~250元"," 資訊工程相關、其他數學及電算機科學相關 ","JavaScript、ReactJS"," 對以下領域有興趣或經驗：
- Advanced Web Front-end Development
- Blockchain and Smart Contract
- Microservice Technology
- Machine Learning
- 加密貨幣投資
- 技術分析
- 量化交易自動化
- 程式交易策略開發

有以下觀念尤佳：
- Agile / Scrum
- Design Sprint
 
2～3項前端必要技能：
- React.js (Next.js)
- HTML / CSS (SCSS)
- TypeScript
- Node.js (ES6)
- Apollo GraphQL Client (react-graphql)

加分技能：
- Python
- Docker / Kubernetes
- GCP / GKE
- MySQL
- GraphQL Server (Apollo Server)
-使用 Migration Tool 管理 DB Schema 經驗
- gRPC
- InfluxDB
- Ethereum 運作
- CI / CD (CircleCI)
- Envoy Proxy
- Unit Test (jest)
- E2E Test (Selenium / Cypress)
 ","https://www.104.com.tw/job/77kt9?jobsource=jolist_b_relevance"
"高雄市左營區","月薪28,000~40,000元"," 不拘 "," 不拘 "," 未填寫 ","https://www.104.com.tw/job/5k0q6?jobsource=jolist_b_relevance"
"台北市內湖區","時薪240~260元"," 不拘 ","JavaScript、VueJS"," • Proven ability of Vue.JS and knowledge of CS foundations (data structures and algorithms)
• Currently enrolled in BSc in Computer Science or a related technical field 

<<!Vue.JS is a must!>> ","https://www.104.com.tw/job/797yf?jobsource=jolist_b_relevance"
"桃園市中壢區","年薪420,000~700,000元"," 不拘 ","HTML、JavaScript、jQuery、CSS"," 未填寫 ","https://www.104.com.tw/job/6qul6?jobsource=jolist_b_relevance"
"新北市三重區","月薪43,000元以上"," 不拘 ","Github、AJAX、HTML、JavaScript、jQuery、CSS、Sass、VueJS、Zeplin"," 1. 有APP或Web產品完整開發經驗者尤佳。
2. 能讀懂企劃/設計相關文件的能力。(EX: UNL、IA、Logic Flow...)
4. 有 Github 作品尤佳。
5. 能夠獨立思考，解決複雜問題。
6. 善於溝通，和其他團隊共同建構出問題解決方案。 ","https://www.104.com.tw/job/6htvy?jobsource=jolist_b_relevance"
"新北市三重區","月薪43,000元以上"," 不拘 ","Github、AJAX、HTML、JavaScript、jQuery、CSS、Sass、ReactJS、Zeplin"," 1. 有APP或Web產品完整開發經驗者尤佳。
2. 能讀懂企劃/設計相關文件的能力。(EX: UNL、IA、Logic Flow...)
4. 有 Github 作品尤佳。
5. 能夠獨立思考，解決複雜問題。
6. 善於溝通，和其他團隊共同建構出問題解決方案。 ","https://www.104.com.tw/job/78lpu?jobsource=jolist_b_relevance"
"新北市汐止區","月薪35,000元以上"," 資訊工程相關、電機電子工程相關 ","HTML、JavaScript、CSS、Node.js、AngularJS"," 經歷: 有前端開發的相關經驗
知識: Web architecture, API Flow, SPA
技能: HTML 5 / CSS 3 / JavaScript / NodeJS
態度: 主動積極的學習態度, 良好的溝通/能力和團隊合作精神 ","https://www.104.com.tw/job/6ycj6?jobsource=jolist_b_relevance"
"台北市中正區","月薪40,000~60,000元"," 資訊工程相關、其他數學及電算機科學相關 ","JavaScript、ReactJS"," 前端必要技能：
-	React.js (Next.js)
-	HTML/CSS (SCSS)
-	TypeScript
-	Node.js (ES6)
-	Apollo GraphQL Client (react-graphql)

加分技能：
-	Python
-	Docker / Kubernetes
-	GCP/GKE
-	MySQL
-	GraphQL Server (Apollo Server)
-	使用 Migration Tool 管理 DB Schema 經驗
-	gRPC
-	InfluxDB
-	Ethereum 運作
-	CI / CD (CircleCI)
-	Envoy Proxy
-	Unit Test (jest)
-	E2E Test (Selenium / Cypress)
 ","https://www.104.com.tw/job/77kt8?jobsource=jolist_b_relevance"
"台南市新市區","月薪30,000~40,000元"," 工程學科類、數學及電算機科學學科類、自然科學學科類 ","AJAX、HTML、JavaScript、jQuery、CSS"," 輕型機車、普通小型車 ","https://www.104.com.tw/job/79b47?jobsource=jolist_b_relevance"
"台北市信義區","年薪1,000,000~2,000,000元"," 資訊工程相關 ","HTML、JavaScript、jQuery、CSS、Sass、Node.js、ReactJS、VueJS"," • Bachelor’s, Master’s degree in Computer Science or equivalent experience
• Passion for working with users and developing solutions that deliver amazing user experience
• Experience with wire-framing, prototyping, and user-centric design
• Proficient in any of the following: React/Vue/Redux/Angular/Node.js
• Proficient in JavaScript (ES6)/TypeScript, HTML5 (Canvas, WebWorkers, WebSockets), CSS3, SASS
• Strong written and verbal communications skills

*English resume acceptable only. ","https://www.104.com.tw/job/74jni?jobsource=jolist_b_relevance"
"台北市中山區","論件計酬30,000~35,000元"," 不拘 ","Git、HTML、JavaScript、CSS、Node.js、VueJS、Angular"," 未填寫 ","https://www.104.com.tw/job/7avbn?jobsource=jolist_b_relevance"
"台北市中正區","時薪165元"," 不拘 "," 不拘 "," 必備條件： 
● 擁有驕傲得意的作品集
● 主動學習的心態
● Team player
● 熟悉html, css, javascript
● 對node.js有基礎知識
● 對SQL及noSQL資料庫運作有基礎知識
● 良好的溝通與能力，能將技術火星語以白話文和UI/UX設計人員討論

加分條件：
● 熟悉react尤佳
● CMS系統平台架構規劃能力尤佳
● 雲端資料庫及程式建置經驗尤佳
● 具有資料視覺化呈現經驗尤佳 ","https://www.104.com.tw/job/6wq6r?jobsource=jolist_b_relevance"
